SC,start,end,mid,ssn,ssn_n,co2,co2_n,tmp,tmp_n,ssn_pct,co2_pct,tmp_pct
1,1755.123,1766.371,1760.747,69.719,135,277.8,2,-0.245,11,-29.475,-2.418,0.02
2,1766.371,1775.455,1770.913,98.454,109,278.95,2,-0.27,9,-0.407,-2.014,0.012
3,1775.455,1784.624,1780.039,112.079,110,280.1,1,-0.407,9,13.375,-1.61,-0.036
4,1784.624,1798.288,1791.456,102.748,164,281.567,3,-0.334,14,3.936,-1.095,-0.01
5,1798.288,1810.623,1804.456,38.43,148,283.367,3,-0.267,12,-61.126,-0.463,0.013
6,1810.623,1823.371,1816.997,30.725,153,284.1,2,-0.578,13,-68.92,-0.205,-0.096
7,1823.371,1833.79,1828.58,63.471,125,284.275,4,-0.338,10,-35.795,-0.144,-0.012
8,1833.79,1843.538,1838.664,111.403,117,283.57,10,-0.491,10,12.692,-0.392,-0.065
9,1843.538,1856.042,1849.79,98.857,150,284.685,13,-0.304,13,0.0,0.0,0.0
10,1856.042,1867.204,1861.623,92.81,134,286.473,11,-0.245,11,-6.117,0.628,0.02
11,1867.204,1878.79,1872.997,90.172,139,288.282,11,-0.103,11,-8.785,1.264,0.07
12,1878.79,1888.958,1883.874,61.716,122,292.22,10,-0.221,109,-37.571,2.647,0.029
13,1888.958,1902.042,1895.5,59.7,157,295.007,14,-0.207,157,-39.61,3.626,0.034
14,1902.042,1913.538,1907.79,53.87,138,298.855,11,-0.386,138,-45.507,4.977,-0.029
15,1913.538,1923.538,1918.538,73.899,120,302.57,10,-0.28,120,-25.246,6.283,0.008
16,1923.538,1933.707,1928.622,67.723,122,306.55,10,-0.209,122,-31.494,7.681,0.033
17,1933.707,1944.206,1938.956,95.321,126,310.009,11,-0.012,126,-3.577,8.896,0.102
18,1944.206,1954.288,1949.247,109.79,121,310.88,10,-0.034,121,11.06,9.202,0.094
19,1954.288,1964.791,1959.539,129.079,126,317.473,298,-0.03,126,30.571,11.517,0.096
20,1964.791,1976.456,1970.624,85.562,140,325.826,603,-0.024,140,-13.448,14.451,0.098
21,1976.456,1986.204,1981.33,118.568,117,339.495,503,0.181,117,19.939,19.253,0.169
22,1986.204,1996.624,1991.414,101.834,125,355.069,543,0.326,125,3.011,24.724,0.22
23,1996.624,2008.874,2002.749,83.008,147,374.029,630,0.553,147,-16.032,31.384,0.299
24,2008.874,2019.958,2014.416,49.141,133,404.527,1535,0.79,133,-50.291,42.097,0.381
