SC,start,end,mid,ssn,ssn_n,co2,co2_n,tmp,tmp_n
1,1755.12,1766.37,1760.75,69.72,135,,0,,0
2,1766.37,1775.46,1770.91,98.45,109,,0,,0
3,1775.46,1784.62,1780.04,112.08,110,,0,,0
4,1784.62,1798.29,1791.46,102.75,164,,0,,0
5,1798.29,1810.62,1804.46,38.43,148,,0,,0
6,1810.62,1823.37,1817.0,30.72,153,,0,,0
7,1823.37,1833.79,1828.58,63.47,125,,0,,0
8,1833.79,1843.54,1838.66,111.4,117,,0,,0
9,1843.54,1856.04,1849.79,98.86,150,,0,0.02,7
10,1856.04,1867.2,1861.62,92.81,134,,0,-0.03,11
11,1867.2,1878.79,1873.0,90.17,139,,0,0.06,11
12,1878.79,1888.96,1883.87,61.72,122,,0,-0.03,10
13,1888.96,1902.04,1895.5,59.7,157,,0,-0.02,14
14,1902.04,1913.54,1907.79,53.87,138,,0,-0.15,11
15,1913.54,1923.54,1918.54,73.9,120,,0,-0.0,10
16,1923.54,1933.71,1928.62,67.72,122,,0,0.08,10
17,1933.71,1944.21,1938.96,95.32,126,,0,0.28,11
18,1944.21,1954.29,1949.25,109.79,121,,0,0.24,10
19,1954.29,1964.79,1959.54,129.08,126,317.56,80,0.22,10
20,1964.79,1976.46,1970.62,85.56,140,325.75,139,0.23,12
21,1976.46,1986.2,1981.33,118.57,117,339.73,117,0.46,10
22,1986.2,1996.62,1991.41,101.83,125,355.13,125,0.6,10
23,1996.62,2008.87,2002.75,83.01,147,374.39,147,0.83,12
24,2008.87,2019.96,2014.42,49.14,133,398.96,133,1.05,11
