age_yr_BP,global_temp_anomaly_C,uncertainty_1sigma_C
10,0.6044112473012822,0.283882456968436
30,-0.10238667391775691,0.255362155796365
50,-0.26071524022193593,0.236527560751382
70,-0.2649985700628189,0.227089778021814
90,-0.18924089256924093,0.22149273037553
110,-0.16178615495735094,0.206061086064876
130,-0.15205301826837092,0.197536782324776
150,-0.2490333175729179,0.192546472551361
170,-0.21568421103109092,0.195545620055606
190,-0.22462603617175292,0.198673767356927
210,-0.37011778404013496,0.198487143060406
230,-0.35186692733066893,0.195340457295285
250,-0.36725197717328295,0.186564616718048
270,-0.3462148223201119,0.180586161965983
290,-0.3292213107797709,0.172558595662847
310,-0.3227440505490229,0.169494044849947
330,-0.3029920875236689,0.168768664317981
350,-0.2882903430991479,0.164487871818287
370,-0.2653947630518749,0.165883988742695
390,-0.24116434284475496,0.170219339771158
410,-0.21679246200227686,0.168201514529446
430,-0.24807012438680087,0.165847550732043
450,-0.23439453059486792,0.16035511425805
470,-0.22642961975087894,0.164327149658038
490,-0.21274217546698893,0.161638076063416
510,-0.27607515059823895,0.162606304622831
530,-0.2592422417817699,0.157702344715755
550,-0.17765447105032095,0.158981803722346
570,-0.17010768062227588,0.156133745771616
590,-0.15736502777724992,0.149119680679033
610,-0.1327036370607249,0.149585779031137
630,-0.12366795513106293,0.15137838484772
650,-0.1273292012640459,0.149135296076888
670,-0.13617661910821993,0.151432664414153
690,-0.12100300522213092,0.150742257018843
710,-0.1305249029133439,0.150274077751439
730,-0.19610963431584594,0.150047576592455
750,-0.1888684958869129,0.151461887319439
770,-0.1811688998624179,0.149188356995789
790,-0.1364470081969139,0.147088337110059
810,-0.1127488449646939,0.146146169343238
830,-0.09542786573529793,0.146101051218836
850,-0.08996469112565592,0.145592372835633
870,-0.0883731104217289,0.145499281476912
890,-0.0874535270073889,0.144579577967661
910,-0.08412209684346789,0.144058131501722
930,-0.07870103099142789,0.142911965061311
950,-0.07590648533739391,0.141804122518355
970,-0.06642428708289894,0.141565811164065
990,-0.05488946718762189,0.142263475297691
1010,-0.060153691814008925,0.140091854211363
1030,-0.04993160556771892,0.141348533037814
1050,-0.03963775346483589,0.140303104000913
1070,-0.028849270562304907,0.137278432438837
1090,-0.021968851538557932,0.132492938881234
1110,-0.0029879097484779016,0.134702701355699
1130,-0.0032744232615989355,0.135964397015457
1150,-0.0023944268797949086,0.138299829359426
1170,0.002458345237493109,0.14035565354879
1190,0.0043750813318010895,0.136521984806923
1210,0.003169236718961077,0.13410956818078
1230,-0.0185402803185869,0.133550108453024
1250,-0.02053911212383991,0.13586246959043
1270,-0.02106939058724594,0.13688547718824
1290,-0.02342317255743992,0.134816367512797
1310,-0.024632465426109917,0.133097576047358
1330,-0.025297164156559915,0.132416108067359
1350,-0.0216024239727729,0.130451093892597
1370,-0.018528037787865936,0.131118224940681
1390,-0.019387392398124925,0.132560899878334
1410,-0.019120564911400906,0.135723368299602
1430,-0.017588724258410904,0.138995813556046
1450,-0.0737816055900069,0.13708337185634
1470,-0.07227076494320289,0.134866070381465
1490,-0.08038583322238191,0.135999767589421
1510,-0.07422090324970093,0.135255933090716
1530,-0.06390727917763889,0.137026171662714
1550,-0.06757244604387491,0.139538827316545
1570,-0.06741430851989194,0.14115957134296
1590,-0.0694536431220959,0.140654150695494
1610,-0.07016203447666891,0.137784829930928
1630,-0.07347797094602493,0.139069866104665
1650,-0.07298386399105589,0.141650797211883
1670,-0.07188547324578493,0.141492516552036
1690,-0.07195635001379691,0.138854220878026
1710,-0.07000503134358294,0.135969472773474
1730,-0.06761553063900994,0.135367590038534
1750,-0.06523782463813493,0.136828207214384
1770,-0.06235633241652694,0.138230203484339
1790,-0.05880109396938493,0.139610006067137
1810,-0.05924264039363092,0.140072091267302
1830,-0.05881945112207493,0.13796348788607599
1850,-0.059880908278991896,0.136694241136108
1870,-0.061989272066785894,0.134815956605588
1890,-0.0635491174097989,0.133406980260786
1910,-0.0633885965419389,0.132935441659871
1930,-0.0637929005161279,0.131176148873706
1950,-0.060358089728543896,0.131948919407447
1970,-0.05805342385793094,0.132124347175457
1990,-0.05257734308333489,0.131778207221776
2010,-0.04517552753813692,0.131220623265388
2030,-0.037140724254998925,0.13103957364523
2050,-0.03035554668877294,0.13147227246835
2070,-0.025800030988511913,0.129965258050377
2090,-0.022742121236116908,0.12947441206405
2110,-0.01936974461901192,0.130340965139011
2130,-0.015976988535331915,0.130768862184234
2150,-0.014521593951165923,0.13159683359998
2170,-0.011265811720478913,0.132549434414902
2190,-0.008630831532663918,0.131361662099701
2210,-0.0035283704699078933,0.13028459011007
2230,0.002380135935511063,0.130243194669283
2250,0.006532567302988068,0.130460962554277
2270,0.009708740765809076,0.130596556930309
2290,0.011470225243459087,0.131553020504831
2310,0.0149870089967431,0.132558649424492
2330,0.01788466054827309,0.133876750406879
2350,0.020230726219298112,0.134845593582253
2370,0.022960179749331067,0.134474690421116
2390,0.019534209642840084,0.132344472833699
2410,0.028577210000669095,0.13186553791987
2430,0.039410535998198104,0.132606647048292
2450,0.0355190979571221,0.130280051646566
2470,0.036137189884100085,0.128051196668452
2490,0.03550768491642209,0.129139267641903
2510,0.037842443331762066,0.129655903970524
2530,0.03778014005453706,0.128885336268886
2550,0.036502865218786096,0.129663605620035
2570,0.03739931770461308,0.129217922124435
2590,0.03970327894992809,0.127508358540196
2610,0.04124709548884509,0.126294126170818
2630,0.0411118526556411,0.128117199531566
2650,0.0422281498655121,0.12926946673062
2670,0.04323776638649707,0.129886125814832
2690,0.04466975251130606,0.128905296166635
2710,0.045703040045463106,0.128452405593168
2730,0.04578200060407106,0.128341176480432
2750,0.04846989109640709,0.129310136208649
2770,0.05477804611897308,0.12954756591847
2790,0.05865662116445208,0.130358458072351
2810,0.062260201703122076,0.130554349520226
2830,0.0648632550414231,0.130524366562875
2850,0.06104711752696107,0.130283442084665
2870,0.0564094925550801,0.12964075208753
2890,0.054712771550553096,0.13041044554498
2910,0.05521902218891611,0.131385929006586
2930,0.054975085759750075,0.131993995971194
2950,0.0542929937224641,0.133997076424781
2970,0.0507028287590251,0.133373422157737
2990,0.04660066372480309,0.133354687600441
3010,0.04666981062941211,0.131921983577954
3030,0.046866946204686066,0.131487253108153
3050,0.046351919028505106,0.133748965780837
3070,0.0435456659158141,0.134505515694783
3090,0.040012058661082095,0.134407635319051
3110,0.0344574441695531,0.134031101513511
3130,0.030899533997610085,0.135461018040655
3150,0.029930350573430076,0.135638284964859
3170,0.033024588888806106,0.135273322909314
3190,0.03594909129977908,0.134363171191461
3210,0.04113987884997211,0.135631734230588
3230,0.046049760516204075,0.135491890758908
3250,0.05041689953886208,0.133329796566116
3270,0.05833067304694611,0.131526544694572
3290,0.06757200062012508,0.132861728319214
3310,0.07725546053886206,0.134097610281309
3330,0.08658762168141909,0.136008333785661
3350,0.09203187865701506,0.136851314117089
3370,0.0958178512636691,0.1400465329534
3390,0.09788140711206006,0.140967525248577
3410,0.10175117805817008,0.140855337005585
3430,0.10460623858153509,0.139915560133293
3450,0.10709978875612808,0.137035907346682
3470,0.10952111782122709,0.136383980821674
3490,0.11112099888699609,0.134887750054932
3510,0.11366482880542808,0.1330829207688
3530,0.11486698693835809,0.131986335194489
3550,0.11906905601420209,0.132671271217743
3570,0.1245408669458431,0.132750709965137
3590,0.1323466738306301,0.131773366032271
3610,0.1404026768490451,0.132527119358853
3630,0.1508131586582971,0.134201720035487
3650,0.1597022975511551,0.134413535599968
3670,0.1678125581584491,0.13455956787003
3690,0.1729789149482211,0.135074546287436
3710,0.1752743380536741,0.135399909298198
3730,0.1757484408197651,0.132847912651078
3750,0.1795226556073171,0.129715022404338
3770,0.1835774744935661,0.12980664815442
3790,0.18481276752018008,0.129359260359081
3810,0.1879531573806701,0.13050317244868
3830,0.1891562756490291,0.127877063653049
3850,0.19005575053598808,0.125704713393641
3870,0.18992732759517708,0.125228900682721
3890,0.18994258991989008,0.125286538208927
3910,0.19234776161465808,0.12627893527173
3930,0.1976343183779901,0.127544429206245
3950,0.2023196168263951,0.128721266373498
3970,0.20572804083221607,0.127108009528802
3990,0.2080342525544191,0.1281956788448
4010,0.2129220290761511,0.128807970058895
4030,0.21871237769703808,0.128919801192731
4050,0.2244376401703531,0.127792621545402
4070,0.22930938868122608,0.128549242212348
4090,0.2355514906174221,0.130311564311936
4110,0.2418306793066371,0.130203715687692
4130,0.24697311390936108,0.129868342814745
4150,0.2504465256331321,0.129608918059525
4170,0.25292666554964477,0.131152703609632
4190,0.25601330141653456,0.130821166069354
4210,0.256222597238297,0.130623420684261
4230,0.2551160443600692,0.127954851508771
4250,0.25386987923576576,0.126256692770472
4270,0.2496367206983568,0.125309617284287
4290,0.2450103129161671,0.12418389619634
4310,0.2422961596555271,0.119854199823263
4330,0.24285239876250408,0.118554323893723
4350,0.24537790514486307,0.117532797373087
4370,0.2497234461596771,0.115342273282428
4390,0.2543403068168617,0.115531720790405
4410,0.2603918148011838,0.113827011462994
4430,0.2625364090512305,0.110994185600142
4450,0.2635823103834586,0.108438218213635
4470,0.2668285024817367,0.106693502109357
4490,0.2720042907339598,0.104331591544021
4510,0.27622881312891867,0.103126679790591
4530,0.2800701018367587,0.101084271603701
4550,0.28238864130428837,0.0995282027341362
4570,0.28275084042208287,0.0976884616383273
4590,0.2845062069073901,0.0966756343154487
4610,0.2883768154786076,0.0971602124960722
4630,0.29371377490911327,0.096418218748293
4650,0.3004185151578635,0.0950841967297133
4670,0.30683501345383657,0.0951314045150236
4690,0.31008408072595967,0.093249043059983
4710,0.31148633463749376,0.0935587770239739
4730,0.31422251107660887,0.0924485781999961
4750,0.31833535649940387,0.0921996870063757
4770,0.3229483275144389,0.0928954732242193
4790,0.32859155446719257,0.0921162317488115
4810,0.333497621942063,0.0905290242593024
4830,0.3399384906592289,0.0889236506974543
4850,0.34606570098835293,0.0873411279360985
4870,0.35076300967219226,0.0870018460352594
4890,0.3544231139797036,0.0893424186479323
4910,0.3573137476717529,0.0909628329755367
4930,0.3606778505213864,0.0914502575101698
4950,0.3637725705255061,0.0898850136488819
4970,0.3670176516862228,0.0875185130727559
4990,0.37165818547077417,0.0870173753518986
5010,0.3765237625195407,0.0872278512448528
5030,0.3810780183402509,0.0877553772729551
5050,0.3848808032474862,0.087329113484206
5070,0.3871486467240613,0.0892338915203528
5090,0.3887557580081031,0.0913395680192965
5110,0.3893579031856434,0.0911229233482596
5130,0.3902740597248437,0.0918383898362744
5150,0.39181126868751637,0.0938714791705067
5170,0.3942057165075556,0.0940094111144369
5190,0.3969578736477103,0.0932603856884315
5210,0.3978781538837432,0.0940152241268905
5230,0.3967044927738665,0.0945602494133841
5250,0.39577977330842556,0.0958860573032596
5270,0.39499467510074737,0.0964028399953285
5290,0.3936525940154882,0.0969777712001765
5310,0.3913612801079197,0.0988110211906573
5330,0.3891388896550057,0.10171131430973
5350,0.3875333657652613,0.102958146827734
5370,0.38670756032541437,0.102972203795807
5390,0.3860926576543655,0.105293588821778
5410,0.3851019871180886,0.108767385072251
5430,0.3833194667832718,0.110637186904134
5450,0.3829608179584733,0.113005295133119
5470,0.3843425698199624,0.114275119180128
5490,0.38519581858273366,0.114864642493581
5510,0.3855178820457605,0.11608538817675
5530,0.38572831333939517,0.117024018675839
5550,0.3848184768398398,0.120042429147912
5570,0.3825133768752888,0.122987616496739
5590,0.3793314097923487,0.125153237614152
5610,0.37817559469358497,0.125536362307307
5630,0.3773607693579787,0.128671124150516
5650,0.3767595748541872,0.13129334910749
5670,0.3766503303575363,0.134094310909468
5690,0.3757084374945648,0.137268328273311
5710,0.37537156223338597,0.139048711690948
5730,0.3741316687254756,0.138164915441849
5750,0.3731546375849827,0.136896697135266
5770,0.3723102629747172,0.13601862996381
5790,0.3691421944167793,0.135425407662418
5810,0.3640839557866143,0.137141401842693
5830,0.3625326242874834,0.137824179831708
5850,0.3604306455440325,0.135922305846604
5870,0.3565881567520753,0.133958294439167
5890,0.3526163176724398,0.134176297176278
5910,0.3513171619485609,0.137262702753908
5930,0.34830913608004227,0.139647894700568
5950,0.34495625678126185,0.141218400401656
5970,0.3431738685188058,0.13894416394254
5990,0.3448954754871934,0.136323902242735
6010,0.34904586718427216,0.134883892511997
6030,0.35470627983920566,0.135507531132455
6050,0.3624723552401165,0.136633872955632
6070,0.3698353472917072,0.137877106956629
6090,0.3725273209604822,0.135461612005245
6110,0.3735445592277094,0.13308048675929
6130,0.3768274320857402,0.130802258971665
6150,0.3790623979790931,0.13026872683569
6170,0.3786471874478385,0.128170634576634
6190,0.3784377997513751,0.127942921465834
6210,0.37614622489521987,0.127427880865491
6230,0.3747231026924691,0.128358014121791
6250,0.3722014280430953,0.127261004106443
6270,0.36923885109180676,0.125798657591909
6290,0.3668734181659011,0.126096130192767
6310,0.3643737915852377,0.126146251332324
6330,0.360199882552382,0.125902614640093
6350,0.3566973292561907,0.124452497582994
6370,0.3540939562746888,0.125116244738765
6390,0.35162946371785503,0.126145510159983
6410,0.35166331605006523,0.127993145970519
6430,0.3508100504865423,0.130787542098145
6450,0.34919304926564443,0.13260783060575
6470,0.3500480966845594,0.132927389218235
6490,0.3527477246340542,0.132278920961629
6510,0.35684003521594476,0.133405397403094
6530,0.3613170792006021,0.133613252899164
6550,0.3636454202503416,0.13323813504832
6570,0.3664569011812462,0.132952456168581
6590,0.36934802456470917,0.130508887920067
6610,0.37291579373657646,0.128394947927808
6630,0.3792376356039377,0.12785823454672
6650,0.3885424080946832,0.130111784385015
6670,0.3966700457985271,0.130899197048192
6690,0.4031953107224145,0.130208957226584
6710,0.4098683299398956,0.129885962420384
6730,0.4146555896603546,0.129564381646549
6750,0.4182667765168121,0.128520154949078
6770,0.4243261686645839,0.126437511953342
6790,0.4286744727878047,0.126884239790525
6810,0.4322409118458256,0.12676759092206
6830,0.4337611646665323,0.126875312930456
6850,0.4357455664214402,0.126655158795721
6870,0.4399034096818227,0.127643464453699
6890,0.44673438556858835,0.128082838641261
6910,0.4541133789749241,0.127288228767105
6930,0.45879763699295506,0.127715559659618
6950,0.46107690416904207,0.129465928321982
6970,0.4656067122818511,0.131682488531293
6990,0.4694716395531521,0.134265385134461
7010,0.46930370822068007,0.136602290835405
7030,0.4657953040472911,0.136319784374177
7050,0.4607498142433771,0.13825484830931
7070,0.4559094237703041,0.139932473603055
7090,0.4496977682566161,0.139878641106627
7110,0.444352313009368,0.13957951833864
7130,0.4385170128533386,0.138060357719945
7150,0.4334884586511904,0.136222822249065
7170,0.4295769252013829,0.138563784539814
7190,0.4221369223052036,0.13938826203821
7210,0.4228107399437018,0.138633462552836
7230,0.4176975217690558,0.138232942310276
7250,0.41226070018191485,0.138646871528472
7270,0.4066421807359797,0.139196633438034
7290,0.40038607412253807,0.140410003426279
7310,0.3937958301158151,0.140357204359369
7330,0.38544093486859876,0.141715929762241
7350,0.37846796325742227,0.140858130600413
7370,0.37307239163074957,0.139823996763262
7390,0.37050097389877956,0.138078223770913
7410,0.3703813813328763,0.139451228069938
7430,0.3692815948874771,0.140197814050766
7450,0.37100695554739727,0.138050350530841
7470,0.3743108783756468,0.137479642800532
7490,0.37670729189357327,0.136230838069452
7510,0.3790640809440505,0.136164604463529
7530,0.3791523302400206,0.133923130230185
7550,0.3802267978395937,0.133413986807425
7570,0.3783776048404176,0.135286378661031
7590,0.3784989416672956,0.135773138380564
7610,0.3792496017356984,0.136773570444139
7630,0.3804502807612409,0.137740814905004
7650,0.37966690304134737,0.137986065083969
7670,0.3776070718726702,0.138420793988777
7690,0.376746879371847,0.137488810319812
7710,0.37590850327147596,0.135164744719631
7730,0.37189967982329486,0.133173553133357
7750,0.3668175989280282,0.132722648953799
7770,0.36358529072609796,0.134693274467496
7790,0.3602656564969514,0.137029306395727
7810,0.3582394988089799,0.139360505149411
7830,0.3563273738895235,0.141061694101149
7850,0.3557193105884547,0.139247524929597
7870,0.35468375306148975,0.138526074983527
7890,0.3537733743505183,0.140270362263837
7910,0.35635415165898476,0.141288812661052
7930,0.3601833145687473,0.14116191937127
7950,0.36464336453164586,0.140139916138639
7970,0.3697727955080117,0.138151157305982
7990,0.3726778020608254,0.137082633851224
8010,0.3736087008451024,0.137473774705001
8030,0.37551911258569226,0.138242380765341
8050,0.37678925397290236,0.138065851219796
8070,0.3760645949441754,0.136861262078196
8090,0.3736155906006844,0.136724983967574
8110,0.3690097337281013,0.136564184029839
8130,0.3644440622018641,0.136471282758848
8150,0.3602817176111914,0.135394035528129
8170,0.35698070212110444,0.134203983268143
8190,0.35623063084490025,0.135434610689872
8210,0.3553644942301809,0.135495372694438
8230,0.35122909904251465,0.135754260818518
8250,0.34404892827393685,0.135498637846657
8270,0.33632806408462046,0.134434551709745
8290,0.33186654751347616,0.133304695112165
8310,0.3312107213218069,0.133391961348047
8330,0.3321002274666741,0.134799855533766
8350,0.3344610012335874,0.135555220633868
8370,0.33449651427636556,0.134904803124907
8390,0.33390142638678,0.133805895628973
8410,0.3314646172975198,0.132163263540459
8430,0.3285065846669193,0.131611510877696
8450,0.32658707344559906,0.131682224865632
8470,0.3266523631602911,0.132022378722684
8490,0.32888643010630947,0.133227436572002
8510,0.3335356561968285,0.134174222104855
8530,0.34003952484702066,0.135743843035802
8550,0.3495394539079769,0.135608364367732
8570,0.3603111043175236,0.135105172555415
8590,0.3710517559894549,0.133670293599039
8610,0.3803872283311845,0.132960870547673
8630,0.388185560256594,0.132214395565687
8650,0.3965294863897364,0.132420213148465
8670,0.4027566718879269,0.132373123792301
8690,0.4070194990916919,0.132907768848473
8710,0.4106909956062083,0.133652227897291
8730,0.4122809249587951,0.134446572575833
8750,0.4126561828399326,0.135255134471812
8770,0.4113461912521192,0.134959060369449
8790,0.40952885989347326,0.133812480868344
8810,0.40964286855702126,0.133481237721953
8830,0.4100584629206119,0.134042342843986
8850,0.4085707742548661,0.134776556730043
8870,0.4074764712932244,0.134137971362225
8890,0.4064784049470125,0.132732861737638
8910,0.4039260530214624,0.131718363580111
8930,0.401700270175951,0.131280637548306
8950,0.4005993887823477,0.133412628456127
8970,0.39958211021009127,0.136627918005748
8990,0.39497852889649426,0.13761920736974
9010,0.38993100508010137,0.136650836712371
9030,0.3853655150294097,0.136939320879644
9050,0.3841285474096272,0.136910977752834
9070,0.3826327038305734,0.136626008757867
9090,0.38356335410957226,0.137159802259471
9110,0.3841860517206751,0.138904748600627
9130,0.3826226783797675,0.139728491284959
9150,0.3799611615599916,0.141495901232744
9170,0.3770919863680443,0.14221726354632
9190,0.3741482657551651,0.142309827179657
9210,0.3711166069897091,0.141411502100075
9230,0.3700795390537326,0.141186356289238
9250,0.3690288432376766,0.141506473156049
9270,0.36591225419423956,0.141749372576479
9290,0.36345893241876337,0.14068122177683
9310,0.3600913974276499,0.141207923560095
9330,0.3598443583588713,0.140741951342365
9350,0.3608207701346045,0.140587148158162
9370,0.3622067748673525,0.139088950209853
9390,0.3659989645837559,0.137518139101795
9410,0.3691084088264681,0.13725970313553
9430,0.3719093611331311,0.136653815043818
9450,0.3745089318641703,0.136456876556916
9470,0.37716507257289317,0.137253084734143
9490,0.379798408002746,0.138631389565105
9510,0.3798418491365568,0.136714208035695
9530,0.379943756468554,0.136085180748742
9550,0.38145335527004,0.137448115325035
9570,0.38020777238588727,0.137721153877349
9590,0.3795824339773381,0.138052307826823
9610,0.3778671442558926,0.138156159804462
9630,0.37517486950503637,0.138213807672997
9650,0.37255795102537387,0.138833719138607
9670,0.3673176761039645,0.136520514739232
9690,0.36190628807933567,0.136623019709151
9710,0.3555548817519648,0.136169726713567
9730,0.3482312050797282,0.137281832767745
9750,0.3422223773985519,0.136935976520627
9770,0.3352338106553689,0.136265493235369
9790,0.3258893475175105,0.136043329324178
9810,0.31962761848931587,0.133095697531155
9830,0.31499613915733016,0.134606691638724
9850,0.3146033585446637,0.135710407663568
9870,0.3106438643675814,0.135635698298667
9890,0.30517383403163306,0.135229263765295
9910,0.29902727848489746,0.134325393306045
9930,0.29272833446555946,0.13146388715155
9950,0.2873599999745371,0.131925724792941
9970,0.28068718262089687,0.133000457862913
9990,0.2735933488548324,0.132810321568921
10010,0.26535207817456186,0.132285705921859
10030,0.2587888147113751,0.131023698722708
10050,0.25206531797441556,0.133560115374191
10070,0.2471715808304271,0.134668748764438
10090,0.2452647879833701,0.136765485480069
10110,0.24353367767389608,0.136896625071582
10130,0.24126162042858207,0.13819789497393
10150,0.23795737566645808,0.135679754232678
10170,0.23329316832701508,0.133102719663256
10190,0.22952853183051808,0.1335077250102
10210,0.22846229357146208,0.135765861185509
10230,0.22725156900769108,0.138897136553083
10250,0.2208701516938621,0.139775002880554
10270,0.21572146656995708,0.139133058440321
10290,0.2116459060360331,0.142603244156243
10310,0.2066586757407431,0.145838467030306
10330,0.2021654929417251,0.146800400165886
10350,0.19671074076698908,0.14808702480093
10370,0.20375106493630007,0.147077638701186
10390,0.20301921172018908,0.148942630640282
10410,0.2041582634994901,0.151387285517198
10430,0.2026092932291721,0.154908350284957
10450,0.1988166069311301,0.157888254073823
10470,0.19600207009523107,0.159037640220022
10490,0.19198549915381607,0.158959193143019
10510,0.18102309471909908,0.157732636773026
10530,0.1692233034018981,0.156558914762988
10550,0.1550319411357381,0.157380248646297
10570,0.13767459025400908,0.157782149361366
10590,0.11947310634867708,0.156353836039026
10610,0.1061809782261611,0.157728626377439
10630,0.09378589501944007,0.157736476151258
10650,0.08296568037758106,0.154796536479756
10670,0.0684808439651371,0.153523957566021
10690,0.05413281730748609,0.152168839085023
10710,0.0390668222894871,0.152577391169637
10730,0.02236805505533407,0.157095753785324
10750,0.012199837206443076,0.156767640021576
10770,0.004331857265191086,0.157268490060868
10790,-0.0225303877733109,0.156053293939537
10810,-0.0275088052647669,0.156546512616609
10830,-0.031184374160208916,0.158860927756623
10850,-0.03367398800291593,0.159733263168953
10870,-0.040363023109336926,0.160433760399013
10890,-0.047510870159336915,0.160769329751735
10910,-0.054355146070946936,0.162531305071241
10930,-0.060604983930911904,0.164567751281326
10950,-0.06822441551784791,0.164992504400301
10970,-0.07503476825654992,0.163964462428021
10990,-0.08059788694741593,0.162472523960763
11010,-0.08305108081821594,0.163992463422428
11030,-0.08640216351769892,0.167117748578948
11050,-0.08991252145788992,0.167624275232452
11070,-0.0978746483300999,0.167078470793332
11090,-0.10596951800192289,0.168235389574775
11110,-0.1150823300354919,0.168907514815247
11130,-0.1201585782650329,0.172268964075785
11150,-0.1254753032133869,0.172660755533666
11170,-0.1343806922084269,0.173413006207604
11190,-0.1448641573863379,0.172304010014686
11210,-0.15402348693769596,0.171449936645556
11230,-0.16625152994607095,0.170720786385456
11250,-0.1832370761835579,0.172167044118704
11270,-0.20175234569948286,0.172389341714816
11290,-0.2159608086456979,0.170329942491252
